topic_id	intent_name	Web	Image	News	Encyclopedia	QA	Shopping
IMINE2-E-001	cvs CVS pharmacy logo	0.0	1.0	0.0	0.0	0.0	0.0
IMINE2-E-001	cvs CVS pharmacy business units	0.470588235294	0.0	0.117647058824	0.352941176471	0.0588235294118	0.0
IMINE2-E-001	cvs CVS pharmacy locations	0.466666666667	0.0666666666667	0.0	0.0	0.266666666667	0.2
IMINE2-E-001	cvs CVS pharmacy advertisement	0.538461538462	0.230769230769	0.0769230769231	0.0	0.0	0.153846153846
IMINE2-E-001	cvs CVS pharmacy employment	0.666666666667	0.0	0.333333333333	0.0	0.0	0.0
IMINE2-E-001	cvs CVS pharmacy stock	0.4	0.0	0.4	0.05	0.1	0.05
IMINE2-E-002	bumblebee tuna	0.35	0.2	0.1	0.15	0.0	0.2
IMINE2-E-002	Bumblebee army	0.421052631579	0.210526315789	0.105263157895	0.210526315789	0.0526315789474	0.0
IMINE2-E-002	Bumblebee other language	0.466666666667	0.0	0.0	0.333333333333	0.2	0.0
IMINE2-E-002	bumblebee transformer	0.333333333333	0.238095238095	0.047619047619	0.285714285714	0.047619047619	0.047619047619
IMINE2-E-002	Bumblebee animals	0.259259259259	0.259259259259	0.037037037037	0.296296296296	0.148148148148	0.0
IMINE2-E-003	Tony Allen basic information	0.363636363636	0.0909090909091	0.181818181818	0.318181818182	0.0454545454545	0.0
IMINE2-E-003	Tony Allen basketball player	0.266666666667	0.233333333333	0.166666666667	0.266666666667	0.0333333333333	0.0333333333333
IMINE2-E-003	Tony Allen musician	0.275862068966	0.206896551724	0.172413793103	0.275862068966	0.0344827586207	0.0344827586207
IMINE2-E-004	wallpaper house	0.470588235294	0.294117647059	0.0	0.0	0.0588235294118	0.176470588235
IMINE2-E-004	wallpaper wallpaper magazine	0.421052631579	0.210526315789	0.105263157895	0.157894736842	0.0	0.105263157895
IMINE2-E-004	wallpaper designs	0.352941176471	0.529411764706	0.0	0.0	0.0	0.117647058824
IMINE2-E-004	wallpaper computer	0.368421052632	0.526315789474	0.0	0.0	0.0526315789474	0.0526315789474
IMINE2-E-005	Opera browser	0.444444444444	0.0	0.166666666667	0.277777777778	0.111111111111	0.0
IMINE2-E-005	Opera OPERA experiment	0.352941176471	0.0588235294118	0.0588235294118	0.470588235294	0.0588235294118	0.0
IMINE2-E-005	Opera opera comique	0.368421052632	0.105263157895	0.0526315789474	0.421052631579	0.0526315789474	0.0
IMINE2-E-005	Opera album	0.333333333333	0.0952380952381	0.0952380952381	0.0952380952381	0.0	0.380952380952
IMINE2-E-006	ginger red hair	0.388888888889	0.333333333333	0.0	0.222222222222	0.0555555555556	0.0
IMINE2-E-006	ginger cultivation	0.466666666667	0.0666666666667	0.0666666666667	0.0666666666667	0.333333333333	0.0
IMINE2-E-006	ginger benefits	0.4	0.05	0.1	0.2	0.25	0.0
IMINE2-E-006	ginger grammar checker	0.529411764706	0.0588235294118	0.0588235294118	0.117647058824	0.117647058824	0.117647058824
IMINE2-E-006	ginger food stuff	0.4375	0.25	0.0625	0.0625	0.0	0.1875
IMINE2-E-007	spirit the Spirit film	0.5	0.0	0.0	0.0	0.0	0.5
IMINE2-E-007	spirit spirituality	0.583333333333	0.0	0.0	0.25	0.166666666667	0.0
IMINE2-E-007	spirit Christianity	0.5	0.0	0.0	0.357142857143	0.142857142857	0.0
IMINE2-E-007	spirit alcoholic beverage	0.25	0.0	0.0	0.5	0.0	0.25
IMINE2-E-007	spirit music	0.5	0.0	0.0	0.0	0.0	0.5
IMINE2-E-007	spirit airline	0.473684210526	0.0526315789474	0.105263157895	0.263157894737	0.0526315789474	0.0526315789474
IMINE2-E-007	spirit spirit halloween	0.5625	0.125	0.125	0.0625	0.0	0.125
IMINE2-E-008	Pluto NASA	0.363636363636	0.181818181818	0.272727272727	0.136363636364	0.0454545454545	0.0
IMINE2-E-008	Pluto planet	0.333333333333	0.222222222222	0.111111111111	0.259259259259	0.0740740740741	0.0
IMINE2-E-008	pluto disney character	0.35	0.25	0.05	0.3	0.0	0.05
IMINE2-E-008	Pluto picture	0.266666666667	0.666666666667	0.0666666666667	0.0	0.0	0.0
IMINE2-E-009	full house series	0.307692307692	0.153846153846	0.0769230769231	0.230769230769	0.0384615384615	0.192307692308
IMINE2-E-009	full house 2015	0.25	0.166666666667	0.333333333333	0.125	0.0416666666667	0.0833333333333
IMINE2-E-009	full house cast	0.380952380952	0.238095238095	0.0952380952381	0.238095238095	0.047619047619	0.0
IMINE2-E-009	full house Korean drama	0.380952380952	0.238095238095	0.047619047619	0.190476190476	0.047619047619	0.0952380952381
IMINE2-E-010	JFK film	0.368421052632	0.157894736842	0.0526315789474	0.263157894737	0.0	0.157894736842
IMINE2-E-010	JFK assassination	0.352941176471	0.117647058824	0.117647058824	0.352941176471	0.0588235294118	0.0
IMINE2-E-010	JFK JFK airport	0.388888888889	0.111111111111	0.111111111111	0.277777777778	0.111111111111	0.0
IMINE2-E-010	JFK facility	0.583333333333	0.0833333333333	0.0833333333333	0.0833333333333	0.166666666667	0.0
IMINE2-E-010	JFK Kennedy family	0.3	0.2	0.05	0.4	0.05	0.0
IMINE2-E-011	persona music	0.238095238095	0.190476190476	0.0952380952381	0.142857142857	0.0	0.333333333333
IMINE2-E-011	persona examples	0.5	0.142857142857	0.0	0.214285714286	0.142857142857	0.0
IMINE2-E-011	persona mozilla firefox	0.466666666667	0.0666666666667	0.133333333333	0.2	0.133333333333	0.0
IMINE2-E-011	persona video game	0.28	0.16	0.08	0.2	0.04	0.24
IMINE2-E-012	Virginia tourism	0.470588235294	0.176470588235	0.0588235294118	0.117647058824	0.176470588235	0.0
IMINE2-E-012	Virginia university	0.375	0.208333333333	0.125	0.208333333333	0.0833333333333	0.0
IMINE2-E-012	Virginia lottery	0.333333333333	0.0	0.333333333333	0.0	0.0	0.333333333333
IMINE2-E-012	Virginia Virginia Beach	0.35	0.3	0.15	0.15	0.05	0.0
IMINE2-E-012	Virginia geography	0.368421052632	0.368421052632	0.0	0.263157894737	0.0	0.0
IMINE2-E-012	Virginia administration	1.0	0.0	0.0	0.0	0.0	0.0
IMINE2-E-012	Virginia map	0.315789473684	0.526315789474	0.0	0.105263157895	0.0	0.0526315789474
IMINE2-E-013	steam engine	0.3	0.2	0.05	0.4	0.05	0.0
IMINE2-E-013	steam steam cleaner	0.272727272727	0.181818181818	0.0454545454545	0.136363636364	0.0	0.363636363636
IMINE2-E-013	steam digital distributions	0.533333333333	0.0	0.0666666666667	0.333333333333	0.0	0.0666666666667
IMINE2-E-013	steam PC game distributor	0.4	0.0	0.2	0.2	0.05	0.15
IMINE2-E-014	Borders bookstore	0.333333333333	0.0555555555556	0.222222222222	0.166666666667	0.0	0.222222222222
IMINE2-E-014	Borders designs	0.333333333333	0.533333333333	0.0666666666667	0.0666666666667	0.0	0.0
IMINE2-E-014	Borders MSF	0.411764705882	0.176470588235	0.117647058824	0.235294117647	0.0588235294118	0.0
IMINE2-E-014	Bordersr cafe	0.636363636364	0.181818181818	0.0909090909091	0.0909090909091	0.0	0.0
IMINE2-E-014	Borders sporting goods sotre	0.5	0.0	0.0714285714286	0.214285714286	0.0	0.214285714286
IMINE2-E-015	Manchester Manchester United	0.291666666667	0.208333333333	0.291666666667	0.166666666667	0.0416666666667	0.0
IMINE2-E-015	Manchester university of Manchester	0.388888888889	0.166666666667	0.166666666667	0.222222222222	0.0555555555556	0.0
IMINE2-E-015	Manchester UK	0.35	0.2	0.15	0.25	0.05	0.0
IMINE2-E-016	PS ps in a letter	0.333333333333	0.0555555555556	0.0	0.388888888889	0.222222222222	0.0
IMINE2-E-016	PS playstation	0.269230769231	0.153846153846	0.115384615385	0.230769230769	0.0384615384615	0.192307692308
IMINE2-E-016	PS Adobe Photoshop	0.318181818182	0.0909090909091	0.136363636364	0.136363636364	0.0909090909091	0.227272727273
IMINE2-E-016	PS album	0.315789473684	0.157894736842	0.0526315789474	0.210526315789	0.0	0.263157894737
IMINE2-E-016	PS Aeropostale clothing	0.388888888889	0.111111111111	0.111111111111	0.166666666667	0.0	0.222222222222
IMINE2-E-017	elegy genre	0.466666666667	0.0	0.0666666666667	0.333333333333	0.133333333333	0.0
IMINE2-E-017	elegy how to write	0.375	0.0625	0.0	0.0625	0.5	0.0
IMINE2-E-017	elegy poems	0.583333333333	0.0	0.0	0.25	0.0833333333333	0.0833333333333
IMINE2-E-017	elegy definition	0.3125	0.0	0.0625	0.5	0.0625	0.0625
IMINE2-E-017	elegy game	0.333333333333	0.0	0.0	0.0	0.0	0.666666666667
IMINE2-E-017	elegy movie	0.388888888889	0.166666666667	0.0555555555556	0.222222222222	0.0	0.166666666667
IMINE2-E-018	Elizabeth Queen Elizabeth II	0.285714285714	0.238095238095	0.0952380952381	0.333333333333	0.047619047619	0.0
IMINE2-E-018	Elizabeth Elizabeth Taylor actress	0.333333333333	0.0	0.0	0.666666666667	0.0	0.0
IMINE2-E-018	Elizabeth movie	0.368421052632	0.157894736842	0.0526315789474	0.263157894737	0.0	0.157894736842
IMINE2-E-018	Elizabeth Olsen actress	0.333333333333	0.0	0.0	0.666666666667	0.0	0.0
IMINE2-E-018	Elizabeth meaning	0.375	0.0	0.0	0.4375	0.1875	0.0
IMINE2-E-018	Elizabeth Elizabeth I of England	0.352941176471	0.235294117647	0.0	0.352941176471	0.0588235294118	0.0
IMINE2-E-019	Yosemite OS	0.4	0.1	0.2	0.25	0.05	0.0
IMINE2-E-019	Yosemite general information	0.4	0.15	0.1	0.25	0.1	0.0
IMINE2-E-019	Yosemite stay	0.7	0.0	0.0	0.1	0.2	0.0
IMINE2-E-020	Williams tennis Venus williams	0.25	0.208333333333	0.291666666667	0.208333333333	0.0416666666667	0.0
IMINE2-E-020	Williams tennis general	0.35	0.2	0.15	0.25	0.05	0.0
IMINE2-E-020	Williams tennis Serena Williams	0.25	0.208333333333	0.291666666667	0.208333333333	0.0416666666667	0.0
IMINE2-E-020	Williams tennis college	0.666666666667	0.0833333333333	0.0833333333333	0.0833333333333	0.0833333333333	0.0
IMINE2-E-021	nirvana songs	0.461538461538	0.0	0.0	0.230769230769	0.0769230769231	0.230769230769
IMINE2-E-021	nirvana religion	0.375	0.0625	0.0625	0.4375	0.0625	0.0
IMINE2-E-021	nrivana word	0.277777777778	0.111111111111	0.0555555555556	0.444444444444	0.111111111111	0.0
IMINE2-E-021	nirvana albums	0.260869565217	0.173913043478	0.0434782608696	0.173913043478	0.0	0.347826086957
IMINE2-E-021	nirvana American band	0.304347826087	0.217391304348	0.130434782609	0.260869565217	0.0869565217391	0.0
IMINE2-E-022	tomahawk places	0.5	0.285714285714	0.0	0.214285714286	0.0	0.0
IMINE2-E-022	tomahawk for sale	0.333333333333	0.0	0.0	0.0	0.0	0.666666666667
IMINE2-E-022	tomahawk axe	0.285714285714	0.285714285714	0.047619047619	0.285714285714	0.0	0.0952380952381
IMINE2-E-022	tomahawk sports	0.25	0.25	0.25	0.25	0.0	0.0
IMINE2-E-022	tomahawk company	1.0	0.0	0.0	0.0	0.0	0.0
IMINE2-E-022	tomahawk military	0.388888888889	0.222222222222	0.111111111111	0.277777777778	0.0	0.0
IMINE2-E-022	tomahawk band	0.35	0.25	0.15	0.2	0.0	0.05
IMINE2-E-023	magnus word	0.352941176471	0.0	0.0	0.529411764706	0.117647058824	0.0
IMINE2-E-023	magnus people 	0.411764705882	0.235294117647	0.117647058824	0.235294117647	0.0	0.0
IMINE2-E-023	magnus fiction characters	0.4375	0.25	0.0	0.3125	0.0	0.0
IMINE2-E-023	magnus physics	0.315789473684	0.0526315789474	0.0526315789474	0.421052631579	0.157894736842	0.0
IMINE2-E-023	magnus company	0.571428571429	0.142857142857	0.142857142857	0.142857142857	0.0	0.0
IMINE2-E-024	kitkat phone	0.411764705882	0.176470588235	0.117647058824	0.176470588235	0.0588235294118	0.0588235294118
IMINE2-E-024	kitkat website	0.833333333333	0.0833333333333	0.0833333333333	0.0	0.0	0.0
IMINE2-E-024	kitkat android	0.368421052632	0.105263157895	0.105263157895	0.263157894737	0.105263157895	0.0526315789474
IMINE2-E-024	kitkat food	0.260869565217	0.173913043478	0.0869565217391	0.173913043478	0.0434782608696	0.260869565217
IMINE2-E-026	warner brothers tour	0.666666666667	0.333333333333	0.0	0.0	0.0	0.0
IMINE2-E-026	warner brothers jobs	0.615384615385	0.0	0.153846153846	0.0769230769231	0.153846153846	0.0
IMINE2-E-026	warner brothers television	0.666666666667	0.333333333333	0.0	0.0	0.0	0.0
IMINE2-E-026	warner brothers studio	1.0	0.0	0.0	0.0	0.0	0.0
IMINE2-E-026	warner brothers cartoons	0.333333333333	0.285714285714	0.142857142857	0.142857142857	0.0	0.0952380952381
IMINE2-E-026	warner brothers music	0.375	0.125	0.1875	0.25	0.0	0.0625
IMINE2-E-026	warner brothers store	0.333333333333	0.0	0.0	0.0	0.0	0.666666666667
IMINE2-E-026	warner brothers movies	0.368421052632	0.210526315789	0.210526315789	0.210526315789	0.0	0.0
IMINE2-E-027	socrates people	0.538461538462	0.0769230769231	0.153846153846	0.230769230769	0.0	0.0
IMINE2-E-027	socrates famous philosopher	0.35	0.2	0.05	0.35	0.05	0.0
IMINE2-E-027	socrates literature	0.411764705882	0.117647058824	0.0	0.176470588235	0.0588235294118	0.235294117647
IMINE2-E-028	Robert Kennedy family	0.35	0.25	0.05	0.35	0.0	0.0
IMINE2-E-028	Robert Kennedy politician	0.304347826087	0.217391304348	0.0869565217391	0.347826086957	0.0434782608696	0.0
IMINE2-E-028	Robert Kennedy jr	0.35	0.25	0.1	0.3	0.0	0.0
IMINE2-E-029	fossil word	0.333333333333	0.0	0.0	0.666666666667	0.0	0.0
IMINE2-E-029	fossil types	0.333333333333	0.0	0.0	0.666666666667	0.0	0.0
IMINE2-E-029	fossil place	1.0	0.0	0.0	0.0	0.0	0.0
IMINE2-E-029	fossil outlet	0.333333333333	0.0	0.0	0.0	0.0	0.666666666667
IMINE2-E-029	fossil handbags	0.25	0.25	0.0	0.0	0.0	0.5
IMINE2-E-029	fossil phenomenon	0.5	0.0	0.0	0.5	0.0	0.0
IMINE2-E-029	fossil watches	0.25	0.25	0.0416666666667	0.166666666667	0.0	0.291666666667
IMINE2-E-029	fossil fuels	0.333333333333	0.0	0.0	0.666666666667	0.0	0.0
IMINE2-E-029	fossil purses	0.25	0.25	0.0	0.0	0.0	0.5
IMINE2-E-030	star wars films	0.25	0.178571428571	0.178571428571	0.214285714286	0.0357142857143	0.142857142857
IMINE2-E-030	star wars trailer	0.5	0.125	0.25	0.0625	0.0	0.0625
IMINE2-E-030	star wars games	0.291666666667	0.125	0.0833333333333	0.166666666667	0.0	0.333333333333
IMINE2-E-030	star wars characters	0.304347826087	0.304347826087	0.0434782608696	0.260869565217	0.0869565217391	0.0
IMINE2-E-030	star wars tv series	0.4	0.0	0.0	0.4	0.0	0.2
IMINE2-E-030	star wars books	0.333333333333	0.0	0.0	0.0	0.0	0.666666666667
IMINE2-E-031	maple trees species	0.368421052632	0.105263157895	0.0	0.368421052632	0.157894736842	0.0
IMINE2-E-031	maple trees types	0.333333333333	0.142857142857	0.0	0.333333333333	0.190476190476	0.0
IMINE2-E-031	maple trees facts	1.0	0.0	0.0	0.0	0.0	0.0
IMINE2-E-031	maple trees pictures	0.230769230769	0.769230769231	0.0	0.0	0.0	0.0
IMINE2-E-031	maple trees syrup	0.411764705882	0.176470588235	0.0	0.235294117647	0.117647058824	0.0588235294118
IMINE2-E-031	maple trees cure	0.25	0.0	0.0	0.0	0.5	0.25
IMINE2-E-031	maple trees leaf	0.333333333333	0.333333333333	0.0	0.333333333333	0.0	0.0
IMINE2-E-031	maple trees japanese	1.0	0.0	0.0	0.0	0.0	0.0
IMINE2-E-032	iraq war casualties	0.333333333333	0.0	0.666666666667	0.0	0.0	0.0
IMINE2-E-032	iraq war cost	0.5	0.0	0.5	0.0	0.0	0.0
IMINE2-E-032	iraq war invasion	0.411764705882	0.117647058824	0.235294117647	0.176470588235	0.0588235294118	0.0
IMINE2-E-032	iraq war pictures	0.214285714286	0.714285714286	0.0714285714286	0.0	0.0	0.0
IMINE2-E-032	iraq war videos	0.583333333333	0.166666666667	0.0	0.0833333333333	0.0	0.166666666667
IMINE2-E-032	iraq war history	0.444444444444	0.0555555555556	0.0	0.388888888889	0.111111111111	0.0
IMINE2-E-033	santa claus films	0.35	0.15	0.1	0.2	0.0	0.2
IMINE2-E-033	santa claus pictures	0.230769230769	0.769230769231	0.0	0.0	0.0	0.0
IMINE2-E-033	santa claus songs	0.5	0.0	0.0	0.25	0.0	0.25
IMINE2-E-033	santa claus village finland	0.466666666667	0.266666666667	0.0	0.133333333333	0.133333333333	0.0
IMINE2-E-033	santa claus father christmas	0.333333333333	0.0	0.0	0.333333333333	0.0	0.333333333333
IMINE2-E-033	santa claus indiana	1.0	0.0	0.0	0.0	0.0	0.0
IMINE2-E-033	santa claus track	1.0	0.0	0.0	0.0	0.0	0.0
IMINE2-E-033	santa claus history	0.5	0.0	0.0	0.4375	0.0625	0.0
IMINE2-E-033	santa claus letter	1.0	0.0	0.0	0.0	0.0	0.0
IMINE2-E-034	digital art gallery	0.375	0.375	0.0625	0.0625	0.125	0.0
IMINE2-E-034	digital art websites	0.769230769231	0.0769230769231	0.0	0.0769230769231	0.0769230769231	0.0
IMINE2-E-034	digital art artist	0.333333333333	0.0	0.0	0.666666666667	0.0	0.0
IMINE2-E-034	digital art learning	0.4375	0.0	0.0	0.0625	0.5	0.0
IMINE2-E-034	digital art software	1.0	0.0	0.0	0.0	0.0	0.0
IMINE2-E-034	digital art programs	0.571428571429	0.0	0.0714285714286	0.0714285714286	0.285714285714	0.0
IMINE2-E-034	digital art artwork	0.333333333333	0.444444444444	0.0555555555556	0.0555555555556	0.0	0.111111111111
IMINE2-E-035	moody blues cruise	1.0	0.0	0.0	0.0	0.0	0.0
IMINE2-E-035	moody blues songs	0.466666666667	0.0	0.133333333333	0.2	0.0	0.2
IMINE2-E-035	moody blues youtube	1.0	0.0	0.0	0.0	0.0	0.0
IMINE2-E-035	moody blues albums	0.260869565217	0.130434782609	0.0869565217391	0.173913043478	0.0	0.347826086957
IMINE2-E-035	moody blues tour	0.333333333333	0.333333333333	0.0	0.333333333333	0.0	0.0
IMINE2-E-035	moody blues members	0.3	0.25	0.15	0.3	0.0	0.0
IMINE2-E-036	uyghur cuisine food	0.333333333333	0.238095238095	0.0	0.238095238095	0.0952380952381	0.0952380952381
IMINE2-E-036	uyghur cuisine spice	0.5	0.0	0.0	0.5	0.0	0.0
IMINE2-E-036	uyghur cuisine restaurant	0.615384615385	0.153846153846	0.0769230769231	0.0769230769231	0.0769230769231	0.0
IMINE2-E-036	uyghur cuisine menu	0.5	0.285714285714	0.0714285714286	0.0714285714286	0.0	0.0714285714286
IMINE2-E-036	uyghur cuisine region	0.583333333333	0.0833333333333	0.0	0.0	0.333333333333	0.0
IMINE2-E-036	uyghur cuisine recipes	0.4375	0.1875	0.0	0.125	0.25	0.0
IMINE2-E-037	bass guitars brands	0.421052631579	0.210526315789	0.0526315789474	0.157894736842	0.0	0.157894736842
IMINE2-E-037	bass guitars types	0.368421052632	0.157894736842	0.0	0.210526315789	0.105263157895	0.157894736842
IMINE2-E-037	bass guitars sale	0.3	0.05	0.15	0.05	0.0	0.45
IMINE2-E-037	bass guitars store	1.0	0.0	0.0	0.0	0.0	0.0
IMINE2-E-037	bass guitars mail order	0.428571428571	0.0	0.0	0.0	0.0	0.571428571429
IMINE2-E-037	bass guitars learning	0.4375	0.0	0.0	0.0625	0.5	0.0
IMINE2-E-038	poker play online	0.75	0.0833333333333	0.0833333333333	0.0	0.0	0.0833333333333
IMINE2-E-038	poker texas holdem poker	0.533333333333	0.0666666666667	0.0	0.333333333333	0.0666666666667	0.0
IMINE2-E-038	poker learn rules	0.466666666667	0.0	0.0	0.4	0.133333333333	0.0
IMINE2-E-038	poker games	0.615384615385	0.0769230769231	0.0769230769231	0.0769230769231	0.0	0.153846153846
IMINE2-E-038	poker website	0.909090909091	0.0	0.0	0.0909090909091	0.0	0.0
IMINE2-E-039	swallow bird	0.263157894737	0.368421052632	0.0	0.315789473684	0.0526315789474	0.0
IMINE2-E-039	swallow act	0.636363636364	0.0909090909091	0.0	0.0909090909091	0.181818181818	0.0
IMINE2-E-040	pokemon pictures	0.272727272727	0.727272727273	0.0	0.0	0.0	0.0
IMINE2-E-040	pokemon anime	0.333333333333	0.238095238095	0.0952380952381	0.190476190476	0.047619047619	0.0952380952381
IMINE2-E-040	pokemon cards	0.315789473684	0.263157894737	0.0	0.105263157895	0.0	0.315789473684
IMINE2-E-040	pokemon games	0.28	0.12	0.12	0.12	0.04	0.32
IMINE2-E-041	gaba gamma-aminobutyric acid 	0.466666666667	0.0666666666667	0.0666666666667	0.333333333333	0.0666666666667	0.0
IMINE2-E-041	gaba gabapentin	0.333333333333	0.047619047619	0.047619047619	0.285714285714	0.190476190476	0.0952380952381
IMINE2-E-041	gaba what is gaba	0.263157894737	0.0	0.0	0.421052631579	0.315789473684	0.0
IMINE2-E-041	gaba supplement	0.3	0.05	0.05	0.05	0.05	0.5
IMINE2-E-042	cat catterpillar	0.411764705882	0.294117647059	0.0588235294118	0.117647058824	0.0	0.117647058824
IMINE2-E-042	cat nickname	0.7	0.0	0.0	0.1	0.2	0.0
IMINE2-E-042	cat Animal cat	0.315789473684	0.210526315789	0.0	0.368421052632	0.105263157895	0.0
IMINE2-E-042	cat cat in the hat	0.238095238095	0.285714285714	0.047619047619	0.190476190476	0.0	0.238095238095
IMINE2-E-043	boy names boy names that start with *	0.636363636364	0.0	0.0	0.0	0.363636363636	0.0
IMINE2-E-043	boy names find uncommon boy names	0.7	0.0	0.0	0.0	0.3	0.0
IMINE2-E-043	boy names find popular boy names	0.583333333333	0.0	0.0	0.0	0.416666666667	0.0
IMINE2-E-044	powerpoint powerpoint presentation	0.5	0.0	0.0	0.0	0.25	0.25
IMINE2-E-044	powerpoint for beginners	0.5	0.0	0.0	0.0	0.25	0.25
IMINE2-E-044	powerpoint powerpoint templates	1.0	0.0	0.0	0.0	0.0	0.0
IMINE2-E-044	powerpoint powerpoint free download	1.0	0.0	0.0	0.0	0.0	0.0
IMINE2-E-044	powerpoint powerpoint free	1.0	0.0	0.0	0.0	0.0	0.0
IMINE2-E-044	powerpoint powerpoint viewer	1.0	0.0	0.0	0.0	0.0	0.0
IMINE2-E-044	powerpoint powerpoint online	0.888888888889	0.0	0.0	0.0	0.0	0.111111111111
IMINE2-E-044	powerpoint powerpoint for mac	0.666666666667	0.0	0.0	0.0	0.0	0.333333333333
IMINE2-E-045	denmark nation	0.318181818182	0.181818181818	0.0454545454545	0.363636363636	0.0909090909091	0.0
IMINE2-E-045	denmark moving to denmark	0.4	0.0	0.0	0.133333333333	0.466666666667	0.0
IMINE2-E-045	denmark living in denmark	0.461538461538	0.0	0.0769230769231	0.0	0.461538461538	0.0
IMINE2-E-045	denmark pictures	0.230769230769	0.769230769231	0.0	0.0	0.0	0.0
IMINE2-E-046	gardening gardening supplies	0.466666666667	0.0	0.0	0.0	0.0	0.533333333333
IMINE2-E-046	gardening ideas	0.727272727273	0.0909090909091	0.0	0.0	0.181818181818	0.0
IMINE2-E-046	gardening flower gardening	0.5	0.285714285714	0.0	0.142857142857	0.0714285714286	0.0
IMINE2-E-046	gardening vegetable gardening	0.583333333333	0.0833333333333	0.0	0.0833333333333	0.25	0.0
IMINE2-E-046	gardening gardening tips	0.545454545455	0.0	0.0	0.0909090909091	0.363636363636	0.0
IMINE2-E-046	gardening container gardening	0.666666666667	0.0	0.0	0.0	0.333333333333	0.0
IMINE2-E-047	t-test computation	0.615384615385	0.0	0.0	0.230769230769	0.153846153846	0.0
IMINE2-E-047	t-test what is t-test	0.333333333333	0.0	0.0	0.5	0.166666666667	0.0
IMINE2-E-047	t-test t test example 	0.777777777778	0.0	0.0	0.0	0.222222222222	0.0
IMINE2-E-048	sodium what is sodium	0.35	0.05	0.0	0.35	0.25	0.0
IMINE2-E-048	sodium sodium in food	0.5	0.125	0.0625	0.0625	0.25	0.0
IMINE2-E-048	sodium sodium  compound 	0.5	0.0	0.0	0.428571428571	0.0714285714286	0.0
IMINE2-E-049	spanish recipes spanish recipes pictures	0.333333333333	0.666666666667	0.0	0.0	0.0	0.0
IMINE2-E-049	spanish recipes spanish recipes material	0.5	0.142857142857	0.0	0.142857142857	0.214285714286	0.0
IMINE2-E-049	 spanish recipes traditional spanish recipes	0.533333333333	0.133333333333	0.0	0.2	0.133333333333	0.0
IMINE2-E-049	spanish recipes easy spanish recipes	0.466666666667	0.133333333333	0.0	0.133333333333	0.266666666667	0.0
IMINE2-E-049	 spanish recipes authentic spanish recipes	0.5	0.1875	0.0	0.1875	0.125	0.0
IMINE2-E-049	spanish recipes spanish recipes in language	1.0	0.0	0.0	0.0	0.0	0.0
IMINE2-E-049	 spanish recipes spanish dessert recipes	0.666666666667	0.0	0.0	0.0	0.333333333333	0.0
IMINE2-E-051	recover eyesight foods that restore eyesight	0.5	0.0714285714286	0.0	0.0714285714286	0.357142857143	0.0
IMINE2-E-051	recover eyesight without surgery	0.666666666667	0.0	0.0	0.0	0.333333333333	0.0
IMINE2-E-051	recover eyesight surgery to recover eyesight	1.0	0.0	0.0	0.0	0.0	0.0
IMINE2-E-051	recover eyesight hot to recover eyesight	0.4	0.0	0.0	0.0666666666667	0.533333333333	0.0
IMINE2-E-051	recover eyesight recover eyesight naturally	0.375	0.0	0.0	0.125	0.5	0.0
IMINE2-E-051	recover eyesight exercise	0.571428571429	0.0714285714286	0.0	0.142857142857	0.214285714286	0.0
IMINE2-E-052	obesity prevention learn about obesity prevention 	0.411764705882	0.0	0.176470588235	0.176470588235	0.235294117647	0.0
IMINE2-E-052	obesity prevention obesity prevention ways	0.411764705882	0.0	0.0588235294118	0.117647058824	0.411764705882	0.0
IMINE2-E-052	obesity prevention adult obesity prevention	0.4375	0.0	0.125	0.1875	0.25	0.0
IMINE2-E-052	obesity prevention childhood obesity prevention	0.4375	0.0	0.125	0.1875	0.25	0.0
IMINE2-E-052	obesity prevention besity prevention programs	0.615384615385	0.0	0.0769230769231	0.153846153846	0.153846153846	0.0
IMINE2-E-053	hair growth hair growth rate	0.333333333333	0.0	0.0	0.666666666667	0.0	0.0
IMINE2-E-053	hair growth  fast hair growth	0.4375	0.0	0.0625	0.0625	0.4375	0.0
IMINE2-E-053	hair growth hair growth remedies	0.5	0.0	0.0714285714286	0.0714285714286	0.214285714286	0.142857142857
IMINE2-E-053	hair growth hair growth products	0.352941176471	0.0588235294118	0.0588235294118	0.0588235294118	0.117647058824	0.352941176471
IMINE2-E-053	hair growth hair growth vitamins	0.384615384615	0.0	0.0769230769231	0.0769230769231	0.230769230769	0.230769230769
IMINE2-E-053	hair growth men hair growth 	0.666666666667	0.0	0.0	0.0	0.333333333333	0.0
IMINE2-E-053	hair growth  women hair growth	0.666666666667	0.0	0.0	0.0	0.333333333333	0.0
IMINE2-E-053	hair growth hair growth  treatments	0.466666666667	0.0	0.0666666666667	0.0666666666667	0.133333333333	0.266666666667
IMINE2-E-054	quit smoking quit smoking tools	0.375	0.0625	0.0	0.0625	0.125	0.375
IMINE2-E-054	 quit smoking  quitting smoking benefits	0.538461538462	0.0	0.153846153846	0.0769230769231	0.230769230769	0.0
IMINE2-E-054	quit smoking free products	0.636363636364	0.0909090909091	0.0	0.0909090909091	0.0909090909091	0.0909090909091
IMINE2-E-054	quit smoking quit smoking ways	0.375	0.0	0.0625	0.0625	0.5	0.0
IMINE2-E-055	grow taller grow taller 4 idiots	0.4	0.0	0.0666666666667	0.0666666666667	0.133333333333	0.333333333333
IMINE2-E-055	grow taller exercises	0.538461538462	0.0	0.0769230769231	0.0769230769231	0.307692307692	0.0
IMINE2-E-055	grow taller supplements	0.25	0.0	0.0	0.0	0.25	0.5
IMINE2-E-055	grow taller how to grow taller	0.333333333333	0.0	0.0555555555556	0.111111111111	0.5	0.0
IMINE2-E-055	grow taller foods	0.538461538462	0.0	0.0769230769231	0.0	0.230769230769	0.153846153846
IMINE2-E-055	grow taller grow taller naturally	0.666666666667	0.0	0.0	0.0	0.333333333333	0.0
IMINE2-E-056	sleep better sleep better products	0.428571428571	0.0714285714286	0.0714285714286	0.0	0.0	0.428571428571
IMINE2-E-056	sleep better sleep better pillows	0.25	0.0	0.0	0.0	0.25	0.5
IMINE2-E-056	sleep better sleep better app	0.727272727273	0.0	0.0909090909091	0.0909090909091	0.0909090909091	0.0
IMINE2-E-056	sleep better sleepbetter.org	0.75	0.0	0.0	0.0	0.0	0.25
IMINE2-E-056	sleep better how to sleep better	0.333333333333	0.0	0.0555555555556	0.111111111111	0.5	0.0
IMINE2-E-056	better sleep tips	0.470588235294	0.0	0.0588235294118	0.117647058824	0.352941176471	0.0
IMINE2-E-057	relieve stress relieve stress staffs	0.5	0.0833333333333	0.0833333333333	0.0833333333333	0.166666666667	0.0833333333333
IMINE2-E-057	relieve stress exercise to relieve stress	0.583333333333	0.0	0.0833333333333	0.0833333333333	0.25	0.0
IMINE2-E-057	relieve stress how to relieve stress	0.352941176471	0.0	0.0588235294118	0.0588235294118	0.529411764706	0.0
IMINE2-E-057	relieve stress foods that relieve stress	0.538461538462	0.0	0.153846153846	0.0	0.153846153846	0.153846153846
IMINE2-E-057	relieve stress body	0.538461538462	0.0	0.153846153846	0.0769230769231	0.230769230769	0.0
IMINE2-E-058	speak french speak french online	1.0	0.0	0.0	0.0	0.0	0.0
IMINE2-E-058	speak french speak french free	0.888888888889	0.0	0.0	0.0	0.111111111111	0.0
IMINE2-E-058	how to speak french learn how to speack French	0.352941176471	0.0	0.117647058824	0.0588235294118	0.470588235294	0.0
IMINE2-E-058	speak french speak french pronunciation	1.0	0.0	0.0	0.0	0.0	0.0
IMINE2-E-058	speak french speak french tools	0.5	0.0	0.0714285714286	0.0714285714286	0.214285714286	0.142857142857
IMINE2-E-058	speak french learn phrases	0.666666666667	0.0	0.0	0.0	0.0	0.333333333333
IMINE2-E-058	speak french speak french countries 	0.666666666667	0.0	0.0	0.0	0.333333333333	0.0
IMINE2-E-059	ride unicycle video	0.818181818182	0.0	0.0909090909091	0.0	0.0	0.0909090909091
IMINE2-E-059	ride unicycle unicycle riding tips	0.5	0.0	0.0625	0.125	0.3125	0.0
IMINE2-E-059	ride unicycle learn how to unicycle	0.368421052632	0.0	0.0526315789474	0.105263157895	0.473684210526	0.0
IMINE2-E-060	run faster run faster  5k	0.6	0.0	0.1	0.0	0.3	0.0
IMINE2-E-060	run faster how to run faster	0.333333333333	0.0	0.111111111111	0.0555555555556	0.5	0.0
IMINE2-E-060	run faster run faster staff	0.428571428571	0.0714285714286	0.0714285714286	0.0714285714286	0.0714285714286	0.285714285714
IMINE2-E-060	run faster exercises to run faster	0.571428571429	0.0	0.142857142857	0.0714285714286	0.214285714286	0.0
IMINE2-E-061	learn korean fast	0.5	0.0	0.0	0.0	0.25	0.25
IMINE2-E-061	learn Korean basic korean phrases	0.666666666667	0.0	0.0	0.0	0.0	0.333333333333
IMINE2-E-061	learn korean phrases	0.666666666667	0.0	0.0	0.0	0.0	0.333333333333
IMINE2-E-061	learn Korean lessons	0.8	0.0	0.0	0.0	0.1	0.1
IMINE2-E-061	learn korean free	0.9	0.0	0.0	0.0	0.1	0.0
IMINE2-E-061	learn korean online resources	0.9	0.0	0.0	0.0	0.0	0.1
IMINE2-E-061	lean korean alphabets	0.666666666667	0.0	0.0	0.0	0.0	0.333333333333
IMINE2-E-061	learn korean learn how to learn Korean	0.333333333333	0.0	0.0555555555556	0.111111111111	0.5	0.0
IMINE2-E-061	learn korean grammar	0.615384615385	0.0	0.0	0.230769230769	0.153846153846	0.0
IMINE2-E-062	play piano learn how to play piano	0.333333333333	0.0	0.0	0.166666666667	0.5	0.0
IMINE2-E-062	play piano chords	0.888888888889	0.111111111111	0.0	0.0	0.0	0.0
IMINE2-E-062	play piano games	0.727272727273	0.0909090909091	0.0	0.0909090909091	0.0	0.0909090909091
IMINE2-E-062	play piano by ear	0.777777777778	0.0	0.111111111111	0.0	0.111111111111	0.0
IMINE2-E-062	play piano online	0.727272727273	0.0	0.0	0.0	0.0909090909091	0.181818181818
IMINE2-E-063	become firefighter certification	0.545454545455	0.0	0.0909090909091	0.0	0.363636363636	0.0
IMINE2-E-063	become firefighter how	0.294117647059	0.0	0.0	0.117647058824	0.588235294118	0.0
IMINE2-E-063	become firefighter education	0.545454545455	0.0	0.181818181818	0.0	0.272727272727	0.0
IMINE2-E-064	make resume free templates	0.8	0.2	0.0	0.0	0.0	0.0
IMINE2-E-064	make resume how to	0.315789473684	0.0526315789474	0.105263157895	0.105263157895	0.421052631579	0.0
IMINE2-E-064	make resume online for free	0.9	0.0	0.1	0.0	0.0	0.0
IMINE2-E-065	wedding pictures	0.266666666667	0.666666666667	0.0	0.0	0.0666666666667	0.0
IMINE2-E-065	wedding dresses	0.315789473684	0.368421052632	0.0526315789474	0.0	0.105263157895	0.157894736842
IMINE2-E-065	wedding invitations	0.333333333333	0.0	0.0	0.0	0.666666666667	0.0
IMINE2-E-065	wedding ceremony	0.5	0.0	0.0	0.0	0.5	0.0
IMINE2-E-065	wedding rings	0.5	0.5	0.0	0.0	0.0	0.0
IMINE2-E-065	wedding planning	0.583333333333	0.0	0.0833333333333	0.0833333333333	0.25	0.0
IMINE2-E-065	wedding decorations	0.2	0.4	0.0	0.0	0.2	0.2
IMINE2-E-066	learn golf swing	0.5	0.0714285714286	0.0	0.142857142857	0.285714285714	0.0
IMINE2-E-066	learn golf lessons	0.888888888889	0.0	0.111111111111	0.0	0.0	0.0
IMINE2-E-066	learn golf free	0.666666666667	0.0	0.0	0.0	0.333333333333	0.0
IMINE2-E-066	lean golf basics	0.461538461538	0.0	0.0769230769231	0.153846153846	0.307692307692	0.0
IMINE2-E-066	learn golf quickly	0.5	0.0	0.0714285714286	0.0714285714286	0.357142857143	0.0
IMINE2-E-066	learn golf rules	0.4375	0.0	0.0	0.3125	0.25	0.0
IMINE2-E-067	mastering touch typing games	0.538461538462	0.0	0.153846153846	0.0	0.0	0.307692307692
IMINE2-E-067	mastering touch typing for free	0.9	0.0	0.1	0.0	0.0	0.0
IMINE2-E-067	mastering touch typing test	0.9	0.1	0.0	0.0	0.0	0.0
IMINE2-E-067	mastering touch typing lessons	0.9	0.0	0.1	0.0	0.0	0.0
IMINE2-E-067	mastering touch typing for kids	0.666666666667	0.0	0.0833333333333	0.0	0.166666666667	0.0833333333333
IMINE2-E-068	debt relief consolidation loans	0.7	0.0	0.1	0.1	0.1	0.0
IMINE2-E-068	debt relief services	0.666666666667	0.0	0.166666666667	0.0833333333333	0.0833333333333	0.0
IMINE2-E-068	debt relief definition	0.294117647059	0.0	0.0	0.588235294118	0.117647058824	0.0
IMINE2-E-068	debt relief credit card government	0.615384615385	0.0	0.307692307692	0.0769230769231	0.0	0.0
IMINE2-E-069	grow vegetables indoors	0.615384615385	0.0	0.0	0.153846153846	0.230769230769	0.0
IMINE2-E-069	grow vegetables season	0.466666666667	0.0	0.0666666666667	0.2	0.266666666667	0.0
IMINE2-E-069	grow vegetables planning	0.461538461538	0.0	0.0769230769231	0.153846153846	0.307692307692	0.0
IMINE2-E-069	grow vegetables in containers	0.466666666667	0.0666666666667	0.0666666666667	0.133333333333	0.266666666667	0.0
IMINE2-E-069	grow vegetables learn how to	0.352941176471	0.0	0.0	0.117647058824	0.529411764706	0.0
IMINE2-E-070	whale watching season	0.368421052632	0.0	0.105263157895	0.210526315789	0.315789473684	0.0
IMINE2-E-070	whale watching california	0.727272727273	0.181818181818	0.0909090909091	0.0	0.0	0.0
IMINE2-E-070	whale watching east coast	0.615384615385	0.153846153846	0.153846153846	0.0769230769231	0.0	0.0
IMINE2-E-070	whale watching best	0.428571428571	0.0714285714286	0.142857142857	0.0714285714286	0.285714285714	0.0
IMINE2-E-071	how to spend christmas with boyfriend	0.333333333333	0.0	0.0	0.0	0.666666666667	0.0
IMINE2-E-071	how to spend christmas locations	0.277777777778	0.0	0.111111111111	0.0555555555556	0.555555555556	0.0
IMINE2-E-071	how to spend christmas with family	0.277777777778	0.0	0.111111111111	0.0555555555556	0.555555555556	0.0
IMINE2-E-071	how to spend christmas alone	0.277777777778	0.0	0.111111111111	0.0555555555556	0.555555555556	0.0
IMINE2-E-071	how to spend christmas holiday	0.277777777778	0.0	0.111111111111	0.0555555555556	0.555555555556	0.0
IMINE2-E-071	how to spend christmas away from home	0.333333333333	0.0	0.0	0.0	0.666666666667	0.0
IMINE2-E-072	home cleaning services	0.9	0.0	0.0	0.0	0.0	0.1
IMINE2-E-072	home cleaning products	0.333333333333	0.111111111111	0.0555555555556	0.0555555555556	0.0555555555556	0.388888888889
IMINE2-E-072	home cleaning tips	0.538461538462	0.0	0.0769230769231	0.0769230769231	0.307692307692	0.0
IMINE2-E-072	home cleaning price	0.615384615385	0.0	0.0	0.0	0.153846153846	0.230769230769
IMINE2-E-073	travel to italy tips	0.533333333333	0.0	0.0666666666667	0.0666666666667	0.333333333333	0.0
IMINE2-E-073	travel to Italy map	0.0	0.666666666667	0.0	0.0	0.0	0.333333333333
IMINE2-E-073	travel to italy visa requirements	0.666666666667	0.0	0.0	0.0	0.333333333333	0.0
IMINE2-E-073	travel to italy season	0.666666666667	0.0	0.0	0.0	0.333333333333	0.0
IMINE2-E-073	travel to italy cheap	0.5	0.0	0.0	0.0	0.5	0.0
IMINE2-E-073	travel to italy planning	0.615384615385	0.0	0.0769230769231	0.0	0.307692307692	0.0
IMINE2-E-073	travel to italy best time	0.333333333333	0.0	0.0	0.0	0.666666666667	0.0
IMINE2-E-073	travel to italy cost	0.636363636364	0.0	0.0909090909091	0.0	0.272727272727	0.0
IMINE2-E-073	travel to italy packages	1.0	0.0	0.0	0.0	0.0	0.0
IMINE2-E-074	travel hawaii destination	0.5	0.0	0.0714285714286	0.0714285714286	0.357142857143	0.0
IMINE2-E-074	travel hawaii packages	0.727272727273	0.0	0.0	0.0909090909091	0.181818181818	0.0
IMINE2-E-074	travel hawaii cheap	0.5	0.0	0.0	0.0	0.5	0.0
IMINE2-E-074	travel hawaii weather	0.466666666667	0.0666666666667	0.0666666666667	0.133333333333	0.266666666667	0.0
IMINE2-E-074	travel hawaii learning	0.636363636364	0.0	0.0	0.0	0.363636363636	0.0
IMINE2-E-074	travel hawaii planning	0.571428571429	0.0	0.0	0.0	0.428571428571	0.0
IMINE2-E-074	travel hawaii travel agencies	1.0	0.0	0.0	0.0	0.0	0.0
IMINE2-E-076	wallpaper scenery free download	0.6	0.4	0.0	0.0	0.0	0.0
IMINE2-E-076	wallpaper scenery size	0.333333333333	0.666666666667	0.0	0.0	0.0	0.0
IMINE2-E-076	wallpaper scenery	0.428571428571	0.571428571429	0.0	0.0	0.0	0.0
IMINE2-E-076	wallpaper scenery nature	0.333333333333	0.666666666667	0.0	0.0	0.0	0.0
IMINE2-E-076	wallpaper scenery hd	0.411764705882	0.588235294118	0.0	0.0	0.0	0.0
IMINE2-E-076	wallpaper scenery desktop	0.428571428571	0.571428571429	0.0	0.0	0.0	0.0
IMINE2-E-076	wallpepr scenery for walls	0.25	0.5	0.0	0.0	0.0	0.25
IMINE2-E-077	happy birthday graphics facebook	0.461538461538	0.461538461538	0.0769230769231	0.0	0.0	0.0
IMINE2-E-077	happy birthday graphics free	0.428571428571	0.571428571429	0.0	0.0	0.0	0.0
IMINE2-E-077	happy birthday graphics	0.307692307692	0.692307692308	0.0	0.0	0.0	0.0
IMINE2-E-077	happy birthday graphics animated	0.5	0.5	0.0	0.0	0.0	0.0
IMINE2-E-078	new year card design personalized	0.428571428571	0.428571428571	0.0	0.0	0.0714285714286	0.0714285714286
IMINE2-E-078	new year card design template	0.5	0.4375	0.0	0.0	0.0625	0.0
IMINE2-E-078	new year card design vector	0.5	0.5	0.0	0.0	0.0	0.0
IMINE2-E-078	new year card design year	0.333333333333	0.666666666667	0.0	0.0	0.0	0.0
IMINE2-E-078	new year card design free	0.6	0.4	0.0	0.0	0.0	0.0
IMINE2-E-078	new year card design best	0.25	0.5	0.0	0.0	0.25	0.0
IMINE2-E-078	new year card design	0.352941176471	0.529411764706	0.117647058824	0.0	0.0	0.0
IMINE2-E-078	new year card design photoshop	1.0	0.0	0.0	0.0	0.0	0.0
IMINE2-E-079	drawings of flowers pencil	0.375	0.5	0.0	0.0	0.0625	0.0625
IMINE2-E-079	drawings of flowers line	0.5	0.428571428571	0.0	0.0	0.0714285714286	0.0
IMINE2-E-079	drawings of flowers tutorial	0.583333333333	0.166666666667	0.0833333333333	0.0	0.166666666667	0.0
IMINE2-E-079	drawings of flowers free	0.428571428571	0.5	0.0	0.0	0.0714285714286	0.0
IMINE2-E-079	drawings of flowers to color	0.5	0.428571428571	0.0	0.0	0.0714285714286	0.0
IMINE2-E-080	michael jackson photo book	0.357142857143	0.214285714286	0.0	0.0	0.0	0.428571428571
IMINE2-E-080	michael jackson photo autopsy	0.333333333333	0.666666666667	0.0	0.0	0.0	0.0
IMINE2-E-080	michael jackson photo year by year	0.555555555556	0.444444444444	0.0	0.0	0.0	0.0
IMINE2-E-080	michael jackson photo young	0.307692307692	0.615384615385	0.0769230769231	0.0	0.0	0.0
IMINE2-E-080	michael jackson photo download	0.6	0.3	0.0	0.0	0.0	0.1
IMINE2-E-080	michael jackson photo gallery	0.416666666667	0.583333333333	0.0	0.0	0.0	0.0
IMINE2-E-081	world news breaking news	0.375	0.0	0.625	0.0	0.0	0.0
IMINE2-E-081	world news newspapers	0.4	0.0	0.6	0.0	0.0	0.0
IMINE2-E-081	world news news site	0.692307692308	0.0	0.307692307692	0.0	0.0	0.0
IMINE2-E-081	world news timely	0.333333333333	0.0	0.666666666667	0.0	0.0	0.0
IMINE2-E-082	TPP progress history	0.421052631579	0.0	0.105263157895	0.421052631579	0.0526315789474	0.0
IMINE2-E-082	TPP progress agreement	0.368421052632	0.0	0.421052631579	0.105263157895	0.105263157895	0.0
IMINE2-E-082	TPP progress document	0.411764705882	0.0588235294118	0.235294117647	0.176470588235	0.117647058824	0.0
IMINE2-E-082	TPP progress negotiation	0.318181818182	0.0	0.409090909091	0.136363636364	0.136363636364	0.0
IMINE2-E-082	TPP progress country	0.368421052632	0.0	0.315789473684	0.210526315789	0.105263157895	0.0
IMINE2-E-083	mlb scores team	0.428571428571	0.0	0.428571428571	0.142857142857	0.0	0.0
IMINE2-E-083	mlb scores news site	0.571428571429	0.0	0.428571428571	0.0	0.0	0.0
IMINE2-E-083	mlb scores timely	0.375	0.0	0.625	0.0	0.0	0.0
IMINE2-E-083	mlb scores broadcasting	0.666666666667	0.0	0.333333333333	0.0	0.0	0.0
IMINE2-E-083	mlb scores standings	0.583333333333	0.0833333333333	0.333333333333	0.0	0.0	0.0
IMINE2-E-084	apple latest news update	0.333333333333	0.0	0.666666666667	0.0	0.0	0.0
IMINE2-E-084	apple latest news rumors	0.375	0.0625	0.5	0.0625	0.0	0.0
IMINE2-E-084	apple latest news products	0.263157894737	0.157894736842	0.473684210526	0.0	0.0	0.105263157895
IMINE2-E-084	apple latest news apple watch	0.333333333333	0.0	0.666666666667	0.0	0.0	0.0
IMINE2-E-084	apple latest news news sites	0.5	0.1	0.4	0.0	0.0	0.0
IMINE2-E-084	apple latest news ipad	0.333333333333	0.0	0.666666666667	0.0	0.0	0.0
IMINE2-E-084	apple latest news yearly	0.333333333333	0.0	0.666666666667	0.0	0.0	0.0
IMINE2-E-084	apple latest news iphone	0.285714285714	0.0952380952381	0.428571428571	0.047619047619	0.047619047619	0.0952380952381
IMINE2-E-085	obama update Michelle Obama 	0.5	0.0	0.5	0.0	0.0	0.0
IMINE2-E-085	obama update Barack Obama	0.238095238095	0.0952380952381	0.47619047619	0.190476190476	0.0	0.0
IMINE2-E-085	obama update Michelle Malkin	0.5	0.0	0.5	0.0	0.0	0.0
IMINE2-E-085	obama uodate impeachment	0.5	0.0	0.5	0.0	0.0	0.0
IMINE2-E-085	obama update emergency unemployment compensation	0.25	0.0	0.5	0.0	0.25	0.0
IMINE2-E-085	obama update timely	0.263157894737	0.105263157895	0.526315789474	0.105263157895	0.0	0.0
IMINE2-E-085	obama update executive order	1.0	0.0	0.0	0.0	0.0	0.0
IMINE2-E-086	what is GPU gpu process	0.333333333333	0.0	0.0	0.666666666667	0.0	0.0
IMINE2-E-086	what is GPU gpu vs. cpu	0.333333333333	0.0	0.0	0.277777777778	0.388888888889	0.0
IMINE2-E-086	what is GPU computer	0.315789473684	0.0	0.0	0.368421052632	0.315789473684	0.0
IMINE2-E-086	what is GPU graphics card	0.333333333333	0.0555555555556	0.0	0.333333333333	0.277777777778	0.0
IMINE2-E-086	what is GPU gpu accelaration	0.333333333333	0.0	0.0	0.666666666667	0.0	0.0
IMINE2-E-086	what is GPU gpu performance	0.333333333333	0.0	0.0	0.666666666667	0.0	0.0
IMINE2-E-086	what is GPU clock	0.333333333333	0.0	0.0555555555556	0.333333333333	0.277777777778	0.0
IMINE2-E-087	bluetooth definition	0.384615384615	0.0	0.0	0.615384615385	0.0	0.0
IMINE2-E-087	bluetooth pc equipments	0.352941176471	0.117647058824	0.0588235294118	0.0	0.0	0.470588235294
IMINE2-E-087	bluetooth sound devices	0.315789473684	0.105263157895	0.105263157895	0.0	0.0526315789474	0.421052631579
IMINE2-E-087	bluetooth how to turn on	0.357142857143	0.0	0.0	0.0	0.642857142857	0.0
IMINE2-E-087	bluetooth transmission	0.25	0.0	0.0	0.25	0.0	0.5
IMINE2-E-087	bluetooth install software	0.666666666667	0.0	0.0833333333333	0.0	0.166666666667	0.0833333333333
IMINE2-E-088	Construction point  pointing on construction	0.428571428571	0.0714285714286	0.0	0.5	0.0	0.0
IMINE2-E-088	construction point analysis organization	0.7	0.0	0.1	0.2	0.0	0.0
IMINE2-E-088	Construction point the name of company	0.666666666667	0.0833333333333	0.166666666667	0.0833333333333	0.0	0.0
IMINE2-E-088	Construction point coastal areas	0.583333333333	0.0833333333333	0.166666666667	0.166666666667	0.0	0.0
IMINE2-E-089	analogy definition metaphor	0.388888888889	0.0	0.0	0.388888888889	0.222222222222	0.0
IMINE2-E-089	analogy definition extended definition  	0.333333333333	0.0	0.0	0.666666666667	0.0	0.0
IMINE2-E-089	analogy definition language	0.5	0.0	0.0	0.5	0.0	0.0
IMINE2-E-089	analogy definition examples	0.333333333333	0.047619047619	0.0	0.333333333333	0.285714285714	0.0
IMINE2-E-089	analogy definition biology	0.5	0.0	0.0	0.5	0.0	0.0
IMINE2-E-089	analogy definition dictionary	0.375	0.0625	0.0	0.4375	0.0625	0.0625
IMINE2-E-089	analogy definition plain explanation 	0.666666666667	0.0	0.0	0.333333333333	0.0	0.0
IMINE2-E-089	analogy definition literature	0.25	0.0	0.0	0.25	0.0	0.5
IMINE2-E-090	parkinson's disease definition	0.3	0.0	0.0	0.5	0.2	0.0
IMINE2-E-090	parkinson's disease statistics	1.0	0.0	0.0	0.0	0.0	0.0
IMINE2-E-090	parkinson's disease early signs 	0.388888888889	0.0	0.111111111111	0.222222222222	0.277777777778	0.0
IMINE2-E-090	parkinson's disease treatment	0.411764705882	0.0	0.0588235294118	0.235294117647	0.294117647059	0.0
IMINE2-E-090	parkinson's disease stages	0.5	0.0	0.0	0.5	0.0	0.0
IMINE2-E-090	parkinson's disease picture	0.0	1.0	0.0	0.0	0.0	0.0
IMINE2-E-090	parkinson's disease symptoms	0.315789473684	0.0	0.0	0.368421052632	0.315789473684	0.0
IMINE2-E-090	parkinson's disease cause	0.388888888889	0.0	0.111111111111	0.222222222222	0.277777777778	0.0
IMINE2-E-090	parkinson's disease foundation	1.0	0.0	0.0	0.0	0.0	0.0
IMINE2-E-091	single lens reflex recommendationdiagram	0.352941176471	0.176470588235	0.117647058824	0.0588235294118	0.117647058824	0.176470588235
IMINE2-E-091	single lens reflex recommendation digital cameras	0.333333333333	0.0555555555556	0.0555555555556	0.0	0.333333333333	0.222222222222
IMINE2-E-091	single lens reflex recommendation cameras	0.315789473684	0.0526315789474	0.0526315789474	0.0	0.315789473684	0.263157894737
IMINE2-E-091	single lens reflex recommendation brand	0.333333333333	0.0555555555556	0.0555555555556	0.0	0.333333333333	0.222222222222
IMINE2-E-092	Why white chocolate white ingredients	0.368421052632	0.0526315789474	0.0526315789474	0.105263157895	0.315789473684	0.105263157895
IMINE2-E-092	Why white chocolate white online shopping	0.277777777778	0.0555555555556	0.0	0.0555555555556	0.0555555555556	0.555555555556
IMINE2-E-092	Why white chocolate white recipes	0.466666666667	0.0666666666667	0.0666666666667	0.133333333333	0.266666666667	0.0
IMINE2-E-093	Do bananas have seeds why	0.3	0.0	0.0	0.2	0.5	0.0
IMINE2-E-093	Do bananas have seeds yahoo	0.5	0.0	0.0	0.0714285714286	0.428571428571	0.0
IMINE2-E-093	Do bananas have seeds fruit	0.666666666667	0.0	0.0	0.0	0.333333333333	0.0
IMINE2-E-093	Do bananas have seeds inside	0.315789473684	0.0	0.0	0.210526315789	0.473684210526	0.0
IMINE2-E-093	Do bananas have seeds other furuits	0.333333333333	0.0	0.0	0.0	0.666666666667	0.0
IMINE2-E-093	Do bananas have seeds picture	0.235294117647	0.588235294118	0.0	0.0588235294118	0.117647058824	0.0
IMINE2-E-093	Do bananas have seeds how to plant	0.333333333333	0.0	0.0555555555556	0.166666666667	0.444444444444	0.0
IMINE2-E-094	difference between college and university definition	0.3	0.0	0.0	0.45	0.25	0.0
IMINE2-E-094	difference between college and university country	0.315789473684	0.0	0.0	0.263157894737	0.421052631579	0.0
IMINE2-E-094	difference between college and university website	0.391304347826	0.0	0.0	0.347826086957	0.260869565217	0.0
IMINE2-E-094	 difference between college and university degrees	0.352941176471	0.0	0.0	0.235294117647	0.411764705882	0.0
IMINE2-E-095	how to fix a broken zipper pull tab	0.4	0.0	0.0	0.0	0.6	0.0
IMINE2-E-095	how to fix a broken zipper repair kit	0.333333333333	0.0	0.0	0.0	0.0	0.666666666667
IMINE2-E-095	how to fix a broken zipper zipper teeth	0.5	0.0	0.0	0.0	0.5	0.0
IMINE2-E-095	how to fix a broken zipper zipper on something	0.4	0.0	0.0	0.0	0.6	0.0
IMINE2-E-095	how to fix a broken zipper separated zipper	0.4	0.0	0.0	0.0	0.6	0.0
IMINE2-E-095	how to fix a broken zipper stuck zipper	0.333333333333	0.0	0.0	0.0	0.666666666667	0.0
IMINE2-E-095	how to fix a broken zipper splited open	0.333333333333	0.0	0.0	0.0	0.666666666667	0.0
IMINE2-E-095	how to fix a broken zipper how to get back on track	0.4	0.0	0.0	0.0	0.6	0.0
IMINE2-E-096	cheap laptops under 200dollars	0.315789473684	0.105263157895	0.0526315789474	0.0	0.0	0.526315789474
IMINE2-E-096	cheap laptops  for students	0.333333333333	0.0	0.0	0.0	0.333333333333	0.333333333333
IMINE2-E-096	cheap laptops under 100 dollars	0.333333333333	0.0	0.0	0.0	0.0	0.666666666667
IMINE2-E-096	cheap laptops very cheap	0.315789473684	0.105263157895	0.0526315789474	0.0	0.0	0.526315789474
IMINE2-E-096	cheap laptops under 50dollars	0.333333333333	0.0	0.0	0.0	0.0	0.666666666667
IMINE2-E-096	cheap laptops sale	0.315789473684	0.105263157895	0.0526315789474	0.0	0.0	0.526315789474
IMINE2-E-096	cheap laptops  walmart	0.333333333333	0.0	0.0	0.0	0.0	0.666666666667
IMINE2-E-097	iPhone case brands	0.375	0.125	0.0625	0.0	0.0	0.4375
IMINE2-E-097	iPhone case designer	0.315789473684	0.157894736842	0.105263157895	0.105263157895	0.0526315789474	0.263157894737
IMINE2-E-097	iPhone case waterproof	0.5	0.0	0.0	0.0	0.0	0.5
IMINE2-E-097	iPhone case iphone6	0.272727272727	0.136363636364	0.0909090909091	0.0454545454545	0.0454545454545	0.409090909091
IMINE2-E-097	iPhone case iphone5	0.304347826087	0.130434782609	0.0869565217391	0.0434782608696	0.0434782608696	0.391304347826
IMINE2-E-097	iPhone case review	0.666666666667	0.0	0.0	0.0	0.333333333333	0.0
IMINE2-E-097	iPhone case best	0.352941176471	0.0588235294118	0.0	0.0588235294118	0.117647058824	0.411764705882
IMINE2-E-098	discount plasma tv areas	0.333333333333	0.0	0.0	0.0	0.0	0.666666666667
IMINE2-E-098	discount plasma tv for sale	0.263157894737	0.0526315789474	0.157894736842	0.0	0.0	0.526315789474
IMINE2-E-098	discount plasma tv 50inches	0.333333333333	0.0	0.0	0.0	0.0	0.666666666667
IMINE2-E-098	discount plasma tv refurbished	0.666666666667	0.0	0.0	0.0	0.333333333333	0.0
IMINE2-E-098	discount plasma tv cheap	0.3125	0.0625	0.0	0.0	0.0	0.625
IMINE2-E-098	discount plasma tv maker	0.333333333333	0.0	0.0	0.0	0.0	0.666666666667
IMINE2-E-099	mothers day gifts food	0.666666666667	0.0	0.0	0.0	0.0	0.333333333333
IMINE2-E-099	mothers day gifts homemade	0.5	0.0	0.0	0.0	0.25	0.25
IMINE2-E-099	mothers day gifts uinque	0.285714285714	0.142857142857	0.0952380952381	0.0	0.285714285714	0.190476190476
IMINE2-E-099	mothers day gifts how to make	0.666666666667	0.0	0.0	0.0	0.333333333333	0.0
IMINE2-E-099	mothers day gifts shopping site	0.555555555556	0.0	0.0	0.0	0.0	0.444444444444
IMINE2-E-099	mothers day gifts ideas	0.388888888889	0.166666666667	0.111111111111	0.0	0.333333333333	0.0
IMINE2-E-099	mothers day gifts inexpensive	0.4	0.0	0.0	0.0	0.2	0.4
IMINE2-E-099	mothers day gifts for wife	0.25	0.0	0.0	0.0	0.25	0.5
IMINE2-E-099	mothers day gifts pinterest	0.333333333333	0.666666666667	0.0	0.0	0.0	0.0
IMINE2-E-099	mothers day gifts from kids	0.333333333333	0.0	0.0	0.0	0.333333333333	0.333333333333
IMINE2-E-100	ps3 online shoppinig country	0.444444444444	0.0	0.0	0.111111111111	0.0	0.444444444444
IMINE2-E-100	ps3 online shoppinig controller	0.0	0.0	0.0	0.0	0.0	1.0
IMINE2-E-100	ps3 online shoppinig games	0.421052631579	0.0526315789474	0.0	0.0526315789474	0.0	0.473684210526
IMINE2-E-100	ps3 online shoppinig manual	1.0	0.0	0.0	0.0	0.0	0.0
IMINE2-E-100	ps3 online shoppinig free	1.0	0.0	0.0	0.0	0.0	0.0
IMINE2-E-100	ps3 online shoppinig console	0.5	0.0	0.0	0.0	0.0	0.5
IMINE2-E-100	ps3 online shoppinig online id	0.5	0.0	0.0	0.0	0.25	0.25
IMINE2-E-100	ps3 online shoppinig sony	0.5	0.0	0.0	0.0	0.0	0.5