IMINE2-E-001	cvs
IMINE2-E-002	Bumblebee
IMINE2-E-003	Tony Allen
IMINE2-E-004	wallpaper
IMINE2-E-005	Opera
IMINE2-E-006	ginger
IMINE2-E-007	spirit
IMINE2-E-008	Pluto
IMINE2-E-009	full house
IMINE2-E-010	JFK
IMINE2-E-026	warner brothers
IMINE2-E-027	Socrates
IMINE2-E-028	Robert Kennedy
IMINE2-E-029	fossil
IMINE2-E-030	Star Wars
IMINE2-E-031	maple trees
IMINE2-E-032	iraq war
IMINE2-E-033	Santa Claus
IMINE2-E-034	digital art
IMINE2-E-035	moody blues
IMINE2-E-051	recover eyesight
IMINE2-E-052	obesity prevention
IMINE2-E-053	hair growth
IMINE2-E-054	quit smoking
IMINE2-E-055	grow taller
IMINE2-E-056	sleep better
IMINE2-E-057	relieve stress
IMINE2-E-058	speak French
IMINE2-E-059	ride unicycle
IMINE2-E-060	run faster
IMINE2-E-076	wallpaper scenery
IMINE2-E-077	happy birthday graphics
IMINE2-E-078	new year card design
IMINE2-E-079	drawings of flowers
IMINE2-E-080	michael jackson photo
IMINE2-E-081	world news
IMINE2-E-082	TPP progress
IMINE2-E-083	mlb scores
IMINE2-E-084	apple latest news
IMINE2-E-085	obama update
